tweetId,topic,multimodal
1959655760285081935,Health & Medicine,video
1962215119129325850,Science & Technology,image
1974393872567681079,Science & Technology,image
1977821721744040146,Conspiracy & Pseudoscience,video
1980042655565520906,Politics & Elections,text
1980961929494728712,Health & Medicine,image
1983378731474301242,Politics & Elections,image
1983458760589996235,Geopolitics & International Conflicts,text
1983601617619579339,Celebrity / Entertainment / Viral,image
1983885310200037506,Science & Technology,image
1983918247268270408,Health & Medicine,image
1983955840941113756,Conspiracy & Pseudoscience,video
1984023240524943392,Other / Miscellaneous,image
1984036373951545642,Celebrity / Entertainment / Viral,image
1984179787552735620,Science & Technology,video
1984183024288969010,Politics & Elections,image
1984237794160672936,AI generated content,video
1984245380738138448,Geopolitics & International Conflicts,image
1984281159346622889,Geopolitics & International Conflicts,image
1984282377099878636,Geopolitics & International Conflicts,text
1984335127661387831,Politics & Elections,image
1984345894477762985,Geopolitics & International Conflicts,image
1984370718361207056,Politics & Elections,text
1984371426258993466,Politics & Elections,video
1984373158036832660,Social/Cultural Issues,text
1984373940404318218,Social/Cultural Issues,text
1984391277656621199,Sports,text
1984425136809033894,Politics & Elections,video
1984445054010671526,Social/Cultural Issues,video
1984457722763624470,Sports,video
1984457958776787274,Sports,video
1984458032290394195,Geopolitics & International Conflicts,video
1984459581968556108,Social/Cultural Issues,video
1984464886236131628,Sports,video
1984466430553964545,Economy & Finance,text
1984511682262048855,AI generated content,video
1984532450492416482,Celebrity / Entertainment / Viral,video
1984564290662051897,Politics & Elections,image
1984628631126360533,Other / Miscellaneous,image
1984651611499876677,Health & Medicine,image
1984657921699910010,Conspiracy & Pseudoscience,image
1984662561623790028,Social/Cultural Issues,text
1984670182699053135,Celebrity / Entertainment / Viral,video
1984676390608818260,Politics & Elections,video
1984689144631800226,Social/Cultural Issues,text
1984691991855112619,Politics & Elections,text
1984697346329137572,Politics & Elections,image
1984697757467316562,Celebrity / Entertainment / Viral,text
1984699007541920159,Social/Cultural Issues,image
1984707306786079171,Sports,image
1984713573864509593,Politics & Elections,text
1984725365290647899,Science & Technology,video
1984741263464137048,Politics & Elections,video
1984745537115930713,Politics & Elections,image
1984746554238881990,Politics & Elections,text
1984756548225192416,Social/Cultural Issues,image
1984758406779969831,Sports,image
1984773615192023523,Social/Cultural Issues,video
1984790395918663818,Sports,video
1984845909361050008,Social/Cultural Issues,image
1984921631416893891,Politics & Elections,image
1984939666714624178,Social/Cultural Issues,image
1984959886766285177,Politics & Elections,video
1984993104886165905,Geopolitics & International Conflicts,video
1985036807226937516,Social/Cultural Issues,image
1985045510219334044,Social/Cultural Issues,image
1985046460958978196,Politics & Elections,image
1985049595425271914,Conspiracy & Pseudoscience,video
1985050563407720666,Politics & Elections,text
1985060387910271023,Sports,video
1985066426026144042,Geopolitics & International Conflicts,image
1985079789057949883,Celebrity / Entertainment / Viral,image
1985083013667901607,Politics & Elections,image
1985098119458279672,Politics & Elections,text
1985107120254287874,Politics & Elections,image
1985107824020730333,Social/Cultural Issues,video
1985123505973690849,Politics & Elections,video
1985145058748739687,Politics & Elections,video
1985168804352069901,Economy & Finance,video
1985172792036536415,Celebrity / Entertainment / Viral,video
1985197996619743296,Conspiracy & Pseudoscience,video
1985203965319913898,Science & Technology,image
1985277430500643031,Science & Technology,image
1985281470609436692,Social/Cultural Issues,image
1985335799865573614,Geopolitics & International Conflicts,image
1985340076226924556,Science & Technology,text
1985342055598481851,Geopolitics & International Conflicts,text
1985364652977447298,Social/Cultural Issues,text
1985368837748093402,Health & Medicine,text
1985393423856107694,Social/Cultural Issues,video
1985402231483502631,Geopolitics & International Conflicts,video
1985412117814784418,AI generated content,image
1985424236794490946,Politics & Elections,text
1985447742739792289,Conspiracy & Pseudoscience,video
1985491786383454684,Celebrity / Entertainment / Viral,image
1985505916913951107,Social/Cultural Issues,video
1985530254425825752,Social/Cultural Issues,text
1985544438760759670,Economy & Finance,image
1985581423152312678,Health & Medicine,image
1985591055773814851,Other / Miscellaneous,image
1985620224364986498,Celebrity / Entertainment / Viral,image
1985634757833867603,Science & Technology,video
1985641890725671008,Economy & Finance,image
1985657541356110044,Geopolitics & International Conflicts,video
1985679827748143143,Geopolitics & International Conflicts,video
1985709161900868025,Politics & Elections,image
1985710526404661752,Politics & Elections,image
1985715220103213258,Geopolitics & International Conflicts,image
1985716345107829064,Politics & Elections,text
1985733159179489680,Conspiracy & Pseudoscience,video
1985733488717545540,Politics & Elections,image
1985743927006126277,Politics & Elections,image
1985746360411607190,Social/Cultural Issues,video
1985750550156062749,Politics & Elections,image
1985755256295452913,Celebrity / Entertainment / Viral,text
1985760796518039853,Politics & Elections,text
1985763752567001215,Politics & Elections,image
1985782640104939992,Politics & Elections,video
1985783259327054239,Politics & Elections,image
1985785031890272439,Economy & Finance,video
1985786856798134747,Sports,text
1985799034687099331,Economy & Finance,image
1985815642981712378,Geopolitics & International Conflicts,image
1985831396791726352,Politics & Elections,text
1985833785808863371,Economy & Finance,text
1985846358885191698,AI generated content,video
1985848230714757285,Conspiracy & Pseudoscience,video
1985850026900218206,Sports,image
1985852952859345235,Politics & Elections,text
1985856130808234130,Geopolitics & International Conflicts,image
1985864395021566334,Politics & Elections,text
1985879925144924396,Other / Miscellaneous,image
1985888858773615020,Politics & Elections,text
1985907801961742466,Science & Technology,text
1985909974585766284,Social/Cultural Issues,text
1985951737488777377,Celebrity / Entertainment / Viral,video
1985952963278619062,Economy & Finance,text
1985966429276160154,Politics & Elections,image
1985967414979215402,Geopolitics & International Conflicts,video
1986038085302222852,Politics & Elections,text
1986042681701630316,Conspiracy & Pseudoscience,video
1986048900680352196,Politics & Elections,text
1986074403268886988,Politics & Elections,image
1986088757305712685,Celebrity / Entertainment / Viral,image
1986119875992142286,Politics & Elections,image
1986132385511989502,Geopolitics & International Conflicts,video
1986150696434258217,Politics & Elections,image
1986168991157489993,Politics & Elections,video
1986219320645448147,Conspiracy & Pseudoscience,text
1986226854093848679,Politics & Elections,image
1986234873011662902,Politics & Elections,image
1986249676455137429,Geopolitics & International Conflicts,image
1986261101411962956,Social/Cultural Issues,image
1986325425338061200,Geopolitics & International Conflicts,video
1986355135887667677,Social/Cultural Issues,image
1986362046469099945,Science & Technology,image
1986397520902430817,Politics & Elections,image
1986403982613590206,Economy & Finance,image
1986408017957409109,Politics & Elections,image
1986426028990877701,Celebrity / Entertainment / Viral,image
1986443206322774411,Social/Cultural Issues,video
1986453225810301057,Politics & Elections,text
1986470743740194903,Celebrity / Entertainment / Viral,video
1986475655262052378,Geopolitics & International Conflicts,video
1986476714466111837,Politics & Elections,text
1986492803481018803,Politics & Elections,text
1986501361899323818,Geopolitics & International Conflicts,image
1986507411314659346,Social/Cultural Issues,image
1986508952662909168,Politics & Elections,video
1986509343328772348,Politics & Elections,video
1986520069204287914,Politics & Elections,video
1986525526568120783,Politics & Elections,image
1986528002914545971,Politics & Elections,text
1986538101431243213,Politics & Elections,video
1986570981578842509,Politics & Elections,text
1986602162559066452,Politics & Elections,video
1986665360171446321,Science & Technology,image
1986671981958418751,Politics & Elections,text
1986684861705322569,Other / Miscellaneous,video
1986691360556994938,Politics & Elections,text
1986709745961484462,Science & Technology,video
1986732362944676205,Social/Cultural Issues,image
1986775642449547576,Geopolitics & International Conflicts,video
1986777625629442137,Politics & Elections,text
1986801598946058577,Politics & Elections,video
1986817447396020437,Politics & Elections,text
1986818424861855903,Science & Technology,video
1986827848330743964,Politics & Elections,image
1986887091473514780,Politics & Elections,image
1986893570004127836,Politics & Elections,image
1986893766775771632,Geopolitics & International Conflicts,video
1986896462907658347,Science & Technology,text
1986899114072711339,Social/Cultural Issues,video
1986905944555475164,Economy & Finance,text
1986916217798435148,Other / Miscellaneous,video
1986940422246056300,Celebrity / Entertainment / Viral,image
1986951005364506817,Economy & Finance,text
1986978781605601414,Politics & Elections,image
1986994343526170888,Politics & Elections,text
1986994724398637138,Geopolitics & International Conflicts,image
1986998192739946660,Geopolitics & International Conflicts,video
1987006290837839979,Celebrity / Entertainment / Viral,image
1987010603714597082,Politics & Elections,video
1987015962164396128,Social/Cultural Issues,video
1987021510452928880,Politics & Elections,video
1987039463025918004,Health & Medicine,text
1987043717077999927,Science & Technology,video
1987045794675892732,Politics & Elections,image
1987050524206837810,Other / Miscellaneous,image
1987079428976087494,Social/Cultural Issues,image
1987119426634694706,Politics & Elections,video
1987120414565269913,Conspiracy & Pseudoscience,image
1987124793003434394,Social/Cultural Issues,video
1987131836636795297,Social/Cultural Issues,video
1987139033777250391,Politics & Elections,image
1987164565398749587,Science & Technology,image
1987168864958927261,Conspiracy & Pseudoscience,video
1987174337011650727,Geopolitics & International Conflicts,video
1987183437233758369,Social/Cultural Issues,image
1987187995779182760,Politics & Elections,video
1987201521449075132,Politics & Elections,image
1987203682505498848,Politics & Elections,video
1987204463170290103,Politics & Elections,text
1987212260993806801,Geopolitics & International Conflicts,image
1987219102205923826,Politics & Elections,video
1987233663281697247,Politics & Elections,image
1987238217096052827,Celebrity / Entertainment / Viral,video
1987262233458712848,Social/Cultural Issues,video
1987271129749463142,Geopolitics & International Conflicts,text
1987276862234456334,Conspiracy & Pseudoscience,text
1987282366155649445,Geopolitics & International Conflicts,video
1987299211365486614,Economy & Finance,text
1987303557071045019,Politics & Elections,video
1987330859809350052,Science & Technology,video
1987369026180263999,Politics & Elections,image
1987449045544309180,Politics & Elections,video
1987465515401637949,Social/Cultural Issues,video
1987478789966672304,Geopolitics & International Conflicts,image
1987504087340847601,Politics & Elections,video
1987521338525843631,Celebrity / Entertainment / Viral,image
1987536370118627796,Social/Cultural Issues,image
1987539904608579859,Politics & Elections,image
1987540970271809722,Social/Cultural Issues,text
1987545242065842368,Politics & Elections,image
1987557841830662654,Social/Cultural Issues,video
1987568818772717709,Politics & Elections,image
1987569453299912882,Politics & Elections,image
1987569879310803363,Conspiracy & Pseudoscience,image
1987573136255254576,Sports,text
1987576250790027467,Sports,image
1987589626408677809,Sports,image
1987590472622350664,Sports,image
1987599272531947661,Politics & Elections,image
1987620280420712576,Social/Cultural Issues,video
1987627574558622116,Sports,text
1987632414739358135,Politics & Elections,image
1987644379696435579,Politics & Elections,image
1987647306120966203,Politics & Elections,image
1987647365059117379,Social/Cultural Issues,video
1987660792326746499,Celebrity / Entertainment / Viral,image
1987675879049486560,Social/Cultural Issues,video
1987684499652854016,Social/Cultural Issues,image
1987717128934625644,Politics & Elections,image
1987737789270798498,Celebrity / Entertainment / Viral,video
1987777364202586141,Sports,image
1987858378069098622,Politics & Elections,text
1987859676734874074,Politics & Elections,image
1987864741491138649,Social/Cultural Issues,video
1987881598050566394,Politics & Elections,image
1987910161672114332,Politics & Elections,video
1987910682315042955,Conspiracy & Pseudoscience,video
1987925846506545580,Economy & Finance,image
1987928829357347143,Geopolitics & International Conflicts,text
1987932761030631837,Geopolitics & International Conflicts,image
1987943138497843571,Health & Medicine,text
1987945233553002778,Other / Miscellaneous,image
1988001797961904269,Politics & Elections,text
1988041452493172783,Celebrity / Entertainment / Viral,image
1988065200050671967,Politics & Elections,image
1988069071607525569,Social/Cultural Issues,text
1988069607052050646,Politics & Elections,video
1988080312308691035,Politics & Elections,image
1988087290233844059,Sports,video
1988185236421636251,Politics & Elections,video
1988214896039801345,Politics & Elections,image
1988223180956193063,Science & Technology,image
1988226126083133807,Other / Miscellaneous,video
1988233067501175234,Politics & Elections,text
1988239256003772670,Celebrity / Entertainment / Viral,video
1988239357992726978,Celebrity / Entertainment / Viral,video
1988251246977843283,Politics & Elections,image
1988253213414330708,Politics & Elections,text
1988264209902104794,Politics & Elections,text
1988272634723754106,Geopolitics & International Conflicts,video
1988281816642712028,Politics & Elections,image
1988309150275956974,Conspiracy & Pseudoscience,video
1988312595871527306,Social/Cultural Issues,video
1988320617352098207,Politics & Elections,image
1988332213717319864,Sports,image
1988342657840549949,Social/Cultural Issues,video
1988343017326223647,Politics & Elections,image
1988343457052848205,Celebrity / Entertainment / Viral,text
1988346364644757766,Politics & Elections,text
1988352075206398319,Politics & Elections,image
1988373799159656635,Politics & Elections,text
1988401381838123289,Social/Cultural Issues,video
1988420315656131070,Politics & Elections,image
1988436497088012476,Economy & Finance,video
1988446387466334516,Celebrity / Entertainment / Viral,image
1988452838834385214,Politics & Elections,text
1988475040921276749,Politics & Elections,video
1988483394825842983,Other / Miscellaneous,image
1988499142851674424,Celebrity / Entertainment / Viral,video
1988514720005972197,Economy & Finance,image
1988529003506847825,Conspiracy & Pseudoscience,video
1988557644521710026,Social/Cultural Issues,video
1988557704269643866,Geopolitics & International Conflicts,image
1988613820529746176,Sports,image
1988617007093158120,Economy & Finance,video
1988629476754801121,Social/Cultural Issues,video
1988639107761717663,Celebrity / Entertainment / Viral,image
1988639131258233307,Other / Miscellaneous,image
1988667993975644618,Politics & Elections,video
1988676183895245181,Politics & Elections,image
1988676948693020814,Economy & Finance,text
1988690820002898166,Politics & Elections,image
1988705021580702088,Economy & Finance,image
1988719123606417722,Celebrity / Entertainment / Viral,text
1988720836401066457,Other / Miscellaneous,video
1988727649364267348,Health & Medicine,text
1988734240679456775,Politics & Elections,video
1988738816363110716,AI generated content,video
1988752770497761532,Politics & Elections,video
1988792758497341829,Politics & Elections,image
1988796762069631123,Politics & Elections,image
1988838932407108000,Politics & Elections,image
1988856329713164773,Geopolitics & International Conflicts,image
1988860187151589847,Politics & Elections,image
1988903691865219213,Health & Medicine,video
1988921829709193655,Celebrity / Entertainment / Viral,video
1988927853342388700,Politics & Elections,video
1988938432878354509,Health & Medicine,video
1988938435504353484,Social/Cultural Issues,video
1988939159357235418,Social/Cultural Issues,video
1988957905295655337,Politics & Elections,text
1988965069573497208,Social/Cultural Issues,video
1988967633153310845,Politics & Elections,image
1988974813432738183,Politics & Elections,text
1988977921088974905,Celebrity / Entertainment / Viral,image
1988978659445895446,Politics & Elections,image
1989009112097566866,Social/Cultural Issues,text
1989016768937955466,Health & Medicine,image
1989028802589323325,Science & Technology,image
1989033636155236742,Economy & Finance,image
1989037321497538885,Politics & Elections,video
1989038372958904792,Politics & Elections,text
1989042966845853947,Celebrity / Entertainment / Viral,image
1989066115281305951,Social/Cultural Issues,image
1989097762223452609,Social/Cultural Issues,video
1989100069275177286,Celebrity / Entertainment / Viral,video
1989100233926844497,Geopolitics & International Conflicts,video
1989125742257664383,Social/Cultural Issues,image
1989160179708084437,Celebrity / Entertainment / Viral,text
1989196318397591710,Politics & Elections,image
1989205611909951678,Other / Miscellaneous,text
1989228590190456973,Geopolitics & International Conflicts,text
1989230207451197915,Politics & Elections,video
1989270161296429087,Economy & Finance,image
1989271391175319873,Conspiracy & Pseudoscience,video
1989283580204425332,Politics & Elections,text
1989288954089394380,Economy & Finance,image
1989293068722266566,AI generated content,video
1989293822614917209,Conspiracy & Pseudoscience,video
1989315118358745148,Geopolitics & International Conflicts,text
1989319322313822491,Politics & Elections,image
1989321989320798640,Economy & Finance,text
1989345763135213971,Conspiracy & Pseudoscience,video
1989354247054381132,Geopolitics & International Conflicts,image
1989367457954607138,Economy & Finance,text
1989389266259251578,Politics & Elections,image
1989390636198633936,Politics & Elections,image
1989401918863810774,Sports,image
1989437140418130098,Social/Cultural Issues,text
1989438386843914522,Geopolitics & International Conflicts,video
1989440177090302084,Politics & Elections,text
1989448515165327634,Geopolitics & International Conflicts,text
1989457104005206036,Science & Technology,video
1989505091230208481,Science & Technology,video
1989527625845391560,Social/Cultural Issues,image
1989530910841295234,Geopolitics & International Conflicts,text
1989539912312336640,Politics & Elections,text
1989551172256956598,AI generated content,video
1989579511441019265,Sports,text
1989621990756413517,Celebrity / Entertainment / Viral,image
1989638578062987648,Politics & Elections,image
1989650567019598248,Politics & Elections,text
1989681619146281286,Celebrity / Entertainment / Viral,video
1989683744945340589,AI generated content,video
1989699497534926925,Celebrity / Entertainment / Viral,image
1989707838579732894,Celebrity / Entertainment / Viral,video
1989713752204185742,Social/Cultural Issues,video
1989718030356811873,Politics & Elections,image
1989725064971882771,Economy & Finance,image
1989728852235444504,Social/Cultural Issues,video
1989730717933174819,Politics & Elections,image
1989733854366896145,Economy & Finance,image
1989749929334784497,Celebrity / Entertainment / Viral,text
1989752770950295932,Geopolitics & International Conflicts,image
1989755354670838043,Politics & Elections,image
1989758080314478727,Politics & Elections,text
1989770876943044979,Science & Technology,video
1989774950513652001,Science & Technology,video
1989779460565209509,Social/Cultural Issues,text
1989801481256726638,Politics & Elections,video
1989803898509693275,Conspiracy & Pseudoscience,video
1989806178243670309,Politics & Elections,video
1989823475331002522,Other / Miscellaneous,image
1989824419636949320,Politics & Elections,text
1989829738483900845,Science & Technology,text
1989834247872680239,Politics & Elections,image
1989852157441409533,Politics & Elections,text
1989856498445353364,Social/Cultural Issues,image
1989860562096791747,Conspiracy & Pseudoscience,image
1989872296555938082,Politics & Elections,video
1989876625459351960,Social/Cultural Issues,video
1989877119032463823,Science & Technology,image
1989879974170693757,Celebrity / Entertainment / Viral,image
1989904590305988749,Celebrity / Entertainment / Viral,image
1989917965094203891,Science & Technology,video
1990037470231109971,Other / Miscellaneous,image
1990038229127491719,Social/Cultural Issues,image
1990053500693463184,Social/Cultural Issues,video
1990060599527813464,Geopolitics & International Conflicts,image
1990063213258412160,Social/Cultural Issues,text
1990067720155447479,Economy & Finance,video
1990069171044974806,Conspiracy & Pseudoscience,text
1990081853856911678,Social/Cultural Issues,text
1990096789085802708,Social/Cultural Issues,video
1990106370650046907,Economy & Finance,text
1990108811160350901,Politics & Elections,text
1990131367187759121,Politics & Elections,image
1990158203569746195,Geopolitics & International Conflicts,text
1990161251872223448,Politics & Elections,text
1990192559369707724,Social/Cultural Issues,image
1990198888175939691,Sports,video
1990225780455145960,Geopolitics & International Conflicts,image
1990229021364519102,Economy & Finance,text
1990253726477766848,Health & Medicine,text
1990261462741475337,Politics & Elections,video
1990280119282471091,Politics & Elections,image
1990286835088834588,Politics & Elections,image
1990312633916928380,Geopolitics & International Conflicts,image
1990329057771442478,Economy & Finance,image
1990372080131690891,Geopolitics & International Conflicts,video
1990374563943952814,Social/Cultural Issues,image
1990376938238791687,Conspiracy & Pseudoscience,video
1990383678682456084,Geopolitics & International Conflicts,video
1990387364720504893,Social/Cultural Issues,text
1990406689795760323,Other / Miscellaneous,image
1990417262491173263,Health & Medicine,text
1990421523706843544,Social/Cultural Issues,text
1990423146327859432,Social/Cultural Issues,text
1990425581997985969,Politics & Elections,text
1990426869187916076,Politics & Elections,image
1990429231206019224,Celebrity / Entertainment / Viral,image
1990430954666504377,Celebrity / Entertainment / Viral,video
1990432079679512595,Politics & Elections,text
1990449713414611366,Social/Cultural Issues,video
1990453926013907014,Celebrity / Entertainment / Viral,video
1990454469482459409,Geopolitics & International Conflicts,text
1990460064331935997,Politics & Elections,image
1990466852628123699,Politics & Elections,video
1990494395813277897,Politics & Elections,image
1990544321737810420,Geopolitics & International Conflicts,text
1990549271905730863,Politics & Elections,video
1990553627157823797,Politics & Elections,image
1990558854443372598,Celebrity / Entertainment / Viral,video
1990576408377401828,Celebrity / Entertainment / Viral,video
1990615296923873740,Politics & Elections,image
1990622776449696246,Politics & Elections,image
1990648863754256521,Geopolitics & International Conflicts,image
1990659600606228514,AI generated content,video
1990662605590130751,Science & Technology,video
1990668980126953633,Politics & Elections,video
1990674832485233051,Other / Miscellaneous,image
1990693518793220430,Social/Cultural Issues,image
1990715101893013724,Geopolitics & International Conflicts,video
1990744196375065194,Geopolitics & International Conflicts,image
1990799837336367288,Celebrity / Entertainment / Viral,text
1990806831493533942,Geopolitics & International Conflicts,video
1990809389872075155,Politics & Elections,image
1990822359750881314,Other / Miscellaneous,video
1990832584721338737,Social/Cultural Issues,video
1990839147414581656,Sports,image
1990846111074906183,Celebrity / Entertainment / Viral,image
1990857364686451171,Sports,image
1990859185966465187,Politics & Elections,text
1990859308473462806,Celebrity / Entertainment / Viral,image
1990864842169987299,Politics & Elections,video
1990884400767127949,Celebrity / Entertainment / Viral,image
1990891195669594127,Geopolitics & International Conflicts,image
1990898983917543859,Celebrity / Entertainment / Viral,video
1990905168095793537,Social/Cultural Issues,text
1990907998789636123,Sports,text
1990917853462077729,Celebrity / Entertainment / Viral,text
1990939616988590157,Politics & Elections,text
1990957849372209235,Science & Technology,image
1990981896914751704,Celebrity / Entertainment / Viral,video
1991027394514202758,Celebrity / Entertainment / Viral,image
1991086285855805453,Social/Cultural Issues,video
1991114236555383117,Geopolitics & International Conflicts,video
1991114610380771619,Geopolitics & International Conflicts,video
1991123357987680702,Health & Medicine,video
1991129617017540729,Geopolitics & International Conflicts,video
1991129820344775099,Science & Technology,image
1991134891291930660,Science & Technology,video
1991141320744677590,AI generated content,video
1991151576980079075,Politics & Elections,video
1991160032570827100,Social/Cultural Issues,video
1991193502630199537,AI generated content,video
1991195731839836459,AI generated content,image
1991220081443901919,Politics & Elections,text
1991226888904208758,Politics & Elections,image
1991231332488270030,Social/Cultural Issues,video
1991258040679399618,Politics & Elections,text
1991266332877152414,Celebrity / Entertainment / Viral,text
1991273429446603153,Social/Cultural Issues,text
1991276993623781724,Politics & Elections,video
1991277807964680225,Celebrity / Entertainment / Viral,video
1991282425406562532,Politics & Elections,text
1991293785003712874,Science & Technology,video
1991372086716113333,Social/Cultural Issues,image
1991383284690080070,Politics & Elections,video
1991397362049380500,Celebrity / Entertainment / Viral,video
1991434674045088169,Geopolitics & International Conflicts,video
1991467365276528959,Politics & Elections,video
1991471750354436355,Social/Cultural Issues,text
1991478705970114588,Politics & Elections,video
1991485074332872871,Other / Miscellaneous,video
1991497968289997094,Conspiracy & Pseudoscience,video
1991498269290295368,Social/Cultural Issues,video
1991505555496792146,Geopolitics & International Conflicts,video
1991507054801088755,Science & Technology,video
1991512977711784363,Geopolitics & International Conflicts,image
1991515283975180350,Economy & Finance,image
1991522085403783287,Geopolitics & International Conflicts,video
1991538959542046881,Politics & Elections,video
1991541660757684636,Health & Medicine,text
1991547994886307979,Conspiracy & Pseudoscience,image
1991560227171312115,Social/Cultural Issues,image
1991567063307915342,Economy & Finance,image
1991571635741290606,Social/Cultural Issues,image
1991574641929056516,AI generated content,video
1991575608711868786,Geopolitics & International Conflicts,video
1991576680956117123,Social/Cultural Issues,text
1991582760847499492,Social/Cultural Issues,text
1991592759271256142,Politics & Elections,text
1991599014270365829,Health & Medicine,text
1991605623964987552,Politics & Elections,video
1991631330191503589,Politics & Elections,video
1991636720278745344,Geopolitics & International Conflicts,image
1991650230270656762,Politics & Elections,image
1991665361863999667,Social/Cultural Issues,image
1991700724456255578,Politics & Elections,text
1991711749977043314,Sports,video
1991778612891250971,Conspiracy & Pseudoscience,video
1991779355505328263,Politics & Elections,text
1991790093552783437,Social/Cultural Issues,image
1991790357370261694,AI generated content,video
1991808184626098294,Economy & Finance,image
1991816957122031757,Economy & Finance,image
1991821351834005994,Geopolitics & International Conflicts,video
1991823990403338723,Social/Cultural Issues,image
1991825618980503795,Social/Cultural Issues,image
1991831458277990810,Geopolitics & International Conflicts,text
1991831700767396310,Politics & Elections,image
1991845033168019625,Geopolitics & International Conflicts,image
1991849832957227105,Conspiracy & Pseudoscience,video
1991854783838425215,AI generated content,image
1991858295116894367,Social/Cultural Issues,image
1991860416310603975,Social/Cultural Issues,video
1991863814908973348,Economy & Finance,text
1991874328213041197,Conspiracy & Pseudoscience,video
1991876856195535227,Conspiracy & Pseudoscience,video
1991881061341843572,AI generated content,video
1991891827583324298,Politics & Elections,image
1991895993466683764,Economy & Finance,video
1991911800296919081,Celebrity / Entertainment / Viral,video
1991916515806048360,AI generated content,image
1991945750486614366,Geopolitics & International Conflicts,image
1991959126134632958,Social/Cultural Issues,video
1991964050511794256,AI generated content,video
1992004078898172232,Social/Cultural Issues,image
1992006267112657002,AI generated content,text
1992015024261599559,Politics & Elections,image
1992035477860589731,Celebrity / Entertainment / Viral,video
1992043016685535618,Politics & Elections,text
1992084430752809227,Politics & Elections,image
1992107088034795917,Celebrity / Entertainment / Viral,video
1992114908037841209,Other / Miscellaneous,image
1992150467674288217,Celebrity / Entertainment / Viral,video
1992160721241792930,Social/Cultural Issues,text
1992186300569387022,Other / Miscellaneous,image
1992207789909819878,Geopolitics & International Conflicts,text
1992209189247320548,Social/Cultural Issues,image
1992225341616853357,Geopolitics & International Conflicts,text
1992234205116551356,Geopolitics & International Conflicts,video
1992247035576389928,Social/Cultural Issues,video
1992252270009057469,AI generated content,video
1992260266298327310,Geopolitics & International Conflicts,text
1992262673149591661,Economy & Finance,image
1992266868951069151,Economy & Finance,text
1992286750664700342,Geopolitics & International Conflicts,video
1992291850045001916,Economy & Finance,text
1992300221456642379,Social/Cultural Issues,text
1992332138264645781,Politics & Elections,text
1992338584595247390,Geopolitics & International Conflicts,image
1992348553906426268,Science & Technology,image
1992377007460753581,Economy & Finance,image
1992380912395579503,Conspiracy & Pseudoscience,video
1992383685040169234,Conspiracy & Pseudoscience,video
1992391271969943776,Social/Cultural Issues,text
1992397358555091006,AI generated content,video
1992404104313016499,Politics & Elections,image
1992404634342993925,Politics & Elections,image
1992417156433318310,Social/Cultural Issues,image
1992428973268287762,Social/Cultural Issues,image
1992435341899518119,Politics & Elections,image
1992474249618219097,Economy & Finance,image
1992484150818009429,Other / Miscellaneous,video
1992511378578723168,Conspiracy & Pseudoscience,image
1992546601139634674,Politics & Elections,image
1992547371016696155,Celebrity / Entertainment / Viral,image
1992553582302834777,Economy & Finance,image
1992554494434164898,Conspiracy & Pseudoscience,video
1992572116198170633,Celebrity / Entertainment / Viral,video
1992579312067961022,Politics & Elections,image
1992590502013940140,Geopolitics & International Conflicts,image
1992592751515619425,Geopolitics & International Conflicts,video
1992600489813565550,Geopolitics & International Conflicts,image
1992601874092929152,Politics & Elections,image
1992648495023710622,Politics & Elections,image
1992651119517192620,Geopolitics & International Conflicts,image
1992666413081989525,Geopolitics & International Conflicts,text
1992675783442067888,Conspiracy & Pseudoscience,video
1992709191430201621,Celebrity / Entertainment / Viral,video
1992723284258173200,Conspiracy & Pseudoscience,video
1992743603299668152,Social/Cultural Issues,video
1992796049753436501,Celebrity / Entertainment / Viral,video
1992828545320587756,Celebrity / Entertainment / Viral,video
1992884297951277246,Health & Medicine,video
1992885850938745326,Social/Cultural Issues,video
1992909043946656149,Other / Miscellaneous,image
1992915801398247854,Celebrity / Entertainment / Viral,video
1992919160054259885,Sports,image
1992934553795829862,Geopolitics & International Conflicts,image
1992977826455425395,Social/Cultural Issues,video
1993016837777637459,Conspiracy & Pseudoscience,video
1993068077240725676,Politics & Elections,image
1993078048292508146,Politics & Elections,video
1993100192837489111,Geopolitics & International Conflicts,video
1993100758959476862,Politics & Elections,image
1993104541571858667,Politics & Elections,text
1993130649667158467,Politics & Elections,text
1993132277585289591,AI generated content,image
1993141235545260482,Social/Cultural Issues,image
1993149553198112911,Social/Cultural Issues,video
1993156887597269316,Other / Miscellaneous,image
1993177247822516587,Celebrity / Entertainment / Viral,image
1993188163104411825,Other / Miscellaneous,video
1993201909721972856,Science & Technology,image
1993224790803693948,Politics & Elections,image
1993265476185506111,Geopolitics & International Conflicts,video
1993668305069154638,Politics & Elections,text
1993684046115914138,Conspiracy & Pseudoscience,image
1993688441763102944,Social/Cultural Issues,text
1993715891931095325,Health & Medicine,image
1993735402587291694,Economy & Finance,text
1993744525433647301,Sports,image
1993785377111593045,Geopolitics & International Conflicts,text
1993785536428007747,Social/Cultural Issues,text
1993798920108192097,Politics & Elections,image
1993855055175250219,Celebrity / Entertainment / Viral,image
1993864708005515398,Politics & Elections,image
1993871767178199208,Geopolitics & International Conflicts,image
1993882940636582372,Other / Miscellaneous,image
1993897582725353977,Celebrity / Entertainment / Viral,image
1993902763173138724,Politics & Elections,video
1993916890029150513,Economy & Finance,image
1993921468804263983,Health & Medicine,image
1993923660701422059,Social/Cultural Issues,video
1993933140210118747,Celebrity / Entertainment / Viral,video
1993953277478908059,Politics & Elections,video
1993960297690959974,Social/Cultural Issues,text
1993971361119916169,Sports,text
1993974466938892581,Celebrity / Entertainment / Viral,video
1993985907939053704,Social/Cultural Issues,image
1994013425437909073,Geopolitics & International Conflicts,video
1994066307453506031,Politics & Elections,image
1994070702735954069,Politics & Elections,image
1994109618411172003,Economy & Finance,text
1994122730287898659,Celebrity / Entertainment / Viral,video
1994256577218633928,Politics & Elections,text
1994352199514681594,Geopolitics & International Conflicts,video
1994466398249054563,Politics & Elections,image
1994481322434465878,Other / Miscellaneous,image
1994500791823225318,Celebrity / Entertainment / Viral,image
1994511619901034764,Sports,video
1994526844314685778,Economy & Finance,image
1994527330711343321,Politics & Elections,image
1994539116449730687,Politics & Elections,image
1994543362981171452,Politics & Elections,text
1994559296835915829,Social/Cultural Issues,video
1994580435452792897,Celebrity / Entertainment / Viral,image
1994620878223479266,Geopolitics & International Conflicts,text
1994628250660999509,Health & Medicine,image
1994635593276690631,Celebrity / Entertainment / Viral,video
1994646860774903810,Geopolitics & International Conflicts,image
1994649877872349475,Celebrity / Entertainment / Viral,image
1994654075338854791,Sports,video
1994662664023224640,Social/Cultural Issues,video
1994681485811757372,Celebrity / Entertainment / Viral,image
1994708413788688719,Geopolitics & International Conflicts,image
1994717414991229105,Sports,image
1994748150825771266,Celebrity / Entertainment / Viral,video
1994753342417850590,Politics & Elections,video
1994796640688115947,Geopolitics & International Conflicts,text
1994816373537870053,Conspiracy & Pseudoscience,video
1994819620520579553,Social/Cultural Issues,video
1994821659564368276,Politics & Elections,video
1994834265343762742,Science & Technology,video
1994862380833280504,Politics & Elections,video
1994883484658102287,Geopolitics & International Conflicts,image
1994885891098382706,Social/Cultural Issues,text
1994944574784246162,Sports,text
1994948582978499059,Sports,text
1994975721832476742,Celebrity / Entertainment / Viral,image
1995014910271697028,Geopolitics & International Conflicts,image
1995016951010414921,AI generated content,video
1995036032522490310,Geopolitics & International Conflicts,video
1995043384424313205,Science & Technology,video
1995095463670829264,Economy & Finance,image
1995113520237531301,Celebrity / Entertainment / Viral,video
1995132641251627505,Politics & Elections,video
1995136037593776449,Celebrity / Entertainment / Viral,video
1995173541143363963,Politics & Elections,image
1995214834590519523,Politics & Elections,video
1995233963506598116,Sports,image
1995256187374198915,AI generated content,video
1995257791112708283,Geopolitics & International Conflicts,video
1995298576436789640,AI generated content,text
1995305702513098994,Celebrity / Entertainment / Viral,video
1995312577040294244,Conspiracy & Pseudoscience,video
1995323303305605522,Celebrity / Entertainment / Viral,video
1995335630029463840,Science & Technology,text
1995339009804193877,Social/Cultural Issues,video
1995367254209495402,Celebrity / Entertainment / Viral,video
1995377311236133070,Celebrity / Entertainment / Viral,video
1995410923960635800,Social/Cultural Issues,video
1995431930637033783,Social/Cultural Issues,video
1995459325863584052,Social/Cultural Issues,video
1995466136096252215,Geopolitics & International Conflicts,video
1995479684293779516,Conspiracy & Pseudoscience,video
1995481750772834450,Conspiracy & Pseudoscience,video
1995487740671238516,Other / Miscellaneous,text
1995497378208698529,Politics & Elections,text
1995503070151602565,Geopolitics & International Conflicts,text
1995506417688862944,Celebrity / Entertainment / Viral,video
1995523289050140691,Geopolitics & International Conflicts,image
1995555073200361795,Economy & Finance,text
1995589542045516075,Sports,text
1995608361367400940,Health & Medicine,text
1995614487626518753,Politics & Elections,text
1995642199481127143,Politics & Elections,video
1995650074270204409,Sports,image
1995663406737879294,Conspiracy & Pseudoscience,video
1995665751240311258,Social/Cultural Issues,image
1995670502548144413,Celebrity / Entertainment / Viral,image
1995675027325550872,Sports,text
1995732515923927289,Celebrity / Entertainment / Viral,image
1995734284636745782,Celebrity / Entertainment / Viral,video
1995740180511424947,AI generated content,image
1995747245858185571,Politics & Elections,video
1995772485493494264,Social/Cultural Issues,image
1995792547550298478,Social/Cultural Issues,image
1995810221109715091,Other / Miscellaneous,image
1995813976664371516,AI generated content,video
1995827394096365806,Health & Medicine,image
1995830079822463046,Health & Medicine,video
1995838184400486516,AI generated content,video
1995842091256332800,Politics & Elections,image
1995845525028176307,Politics & Elections,text
1995854578420724103,Celebrity / Entertainment / Viral,video
1995892820163658065,Health & Medicine,image
1995898181779853748,Sports,image
1995904277999747496,Conspiracy & Pseudoscience,video
1995937784532746510,Politics & Elections,video
1995939460803166291,Politics & Elections,text
1995958618328629431,Sports,image
1995964165303988245,Geopolitics & International Conflicts,video
1995997361223725354,AI generated content,video
1996020707080503805,Social/Cultural Issues,video
1996031327427322229,Science & Technology,image
1996034289662919121,Geopolitics & International Conflicts,video
1996037567431762228,Politics & Elections,video
1996044022469853479,Politics & Elections,text
1996055537088344548,Celebrity / Entertainment / Viral,video
1996068379078414662,Politics & Elections,video
1996104977857892735,Economy & Finance,image
1996140830625804530,Social/Cultural Issues,image
1996187285180850482,Geopolitics & International Conflicts,video
1996187727721865517,Economy & Finance,image
1996189535559151812,Health & Medicine,image
1996216349518164199,Social/Cultural Issues,text
1996217381761270020,Social/Cultural Issues,image
1996273709016117619,Politics & Elections,video
1996282032465555518,Celebrity / Entertainment / Viral,image
1996282858952892751,Sports,image
1996311027651338690,Economy & Finance,text
1996339410581786875,Health & Medicine,image
1996459757998424210,Economy & Finance,video
1996460807480390067,Social/Cultural Issues,image
1996483384390934734,Politics & Elections,text
1996514879373705642,Celebrity / Entertainment / Viral,video
1996587234334831004,Conspiracy & Pseudoscience,video
1996590656207351848,Social/Cultural Issues,video
1996600957774274919,Geopolitics & International Conflicts,text
1996606110673818040,Geopolitics & International Conflicts,video
1996612078015000894,Politics & Elections,text
1996612254825865400,Politics & Elections,text
1996627296502141094,Health & Medicine,image
1996660309084590112,Other / Miscellaneous,video
1996660339489100050,Social/Cultural Issues,video
1996672641059692922,Celebrity / Entertainment / Viral,video
1996677915136954417,Politics & Elections,image
1996693541553139858,Sports,video
1996714620284031407,Politics & Elections,video
1996731249130422758,Politics & Elections,image
1996732217272553515,Sports,image
1996734981570445778,Politics & Elections,text
1996749284876615682,Social/Cultural Issues,video
1996765032504242352,Social/Cultural Issues,video
1996776164619125188,Sports,video
1996784574995820738,Celebrity / Entertainment / Viral,video
1996788548696264769,Celebrity / Entertainment / Viral,image
1996798101936656517,Celebrity / Entertainment / Viral,image
1996806302883062128,Celebrity / Entertainment / Viral,image
1996810923118678374,Science & Technology,text
1996814513761562759,Politics & Elections,text
1996823202660864197,Geopolitics & International Conflicts,video
1996827690788368655,Celebrity / Entertainment / Viral,video
1996831133414363186,Social/Cultural Issues,video
1996845051415351659,Social/Cultural Issues,video
1996852793294938125,Geopolitics & International Conflicts,video
1996853584642654356,Sports,text
1996884940307194315,Celebrity / Entertainment / Viral,video
1996890271330730483,Geopolitics & International Conflicts,video
1996917036212244569,Health & Medicine,text
1996945036572086500,Geopolitics & International Conflicts,text
1996957936766050494,Sports,image
1996996340874674275,Health & Medicine,image
1997043553923420668,Social/Cultural Issues,text
1997057678099513452,Celebrity / Entertainment / Viral,image
1997119243956244789,Health & Medicine,video
1997124464287330535,Politics & Elections,image
1997124841032634388,Sports,image
1997125505200582703,Social/Cultural Issues,video
1997134762818129971,Politics & Elections,image
1997139507502796874,Geopolitics & International Conflicts,image
1997146911959404616,Other / Miscellaneous,video
1997168537794945175,Politics & Elections,video
1997182736549978439,Social/Cultural Issues,video
1997196381455335632,Celebrity / Entertainment / Viral,video
1997217246037631336,Conspiracy & Pseudoscience,video
1997217671327502716,Celebrity / Entertainment / Viral,video
1997222602964623653,Geopolitics & International Conflicts,video
1997232054627344420,Sports,image
1997235466807214405,Geopolitics & International Conflicts,image
1997244848508981536,Celebrity / Entertainment / Viral,image
1997269249300005292,Celebrity / Entertainment / Viral,image
1997300416703524958,Celebrity / Entertainment / Viral,video
1997301630010585188,Social/Cultural Issues,video
1997307358893027470,Celebrity / Entertainment / Viral,video
1997318307691508194,Celebrity / Entertainment / Viral,video
1997338296125452655,Celebrity / Entertainment / Viral,video
1997345298000036101,Other / Miscellaneous,image
1997366516463947934,AI generated content,video
1997369294150365622,Conspiracy & Pseudoscience,text
1997379182943486320,Other / Miscellaneous,text
1997397107553026101,Other / Miscellaneous,image
1997399573820568026,Politics & Elections,text
1997410772121522233,Sports,image
1997469133101814065,Politics & Elections,video
1997564215104786801,Social/Cultural Issues,text
1997564385926295631,Social/Cultural Issues,image
1997632974628479243,Celebrity / Entertainment / Viral,image
1997636721513468244,Health & Medicine,text
1997640389432340618,Sports,image
1997696702917300356,Politics & Elections,image
1997717689159360954,Sports,image
1997731353190953262,Sports,image
1997740177670963207,Health & Medicine,text
1997743185678725157,Celebrity / Entertainment / Viral,image
1997752601379807648,Science & Technology,image
1997761810749874513,Politics & Elections,text
1997767531474321544,AI generated content,video
1997778732313153566,Celebrity / Entertainment / Viral,image
1997810282006269988,Celebrity / Entertainment / Viral,video
1997841267628077284,Conspiracy & Pseudoscience,video
1997846574387560618,Geopolitics & International Conflicts,image
1997859502255956078,Sports,image
1997875488212345092,Politics & Elections,video
1997877481378820206,Geopolitics & International Conflicts,image
1997940011883438214,Celebrity / Entertainment / Viral,image
1997958058585321484,Social/Cultural Issues,text
1997976548956069906,Celebrity / Entertainment / Viral,image
1997993906894422275,Sports,image
1997995139994911092,AI generated content,video
1998003712464441626,Celebrity / Entertainment / Viral,image
1998050038082359322,Politics & Elections,image
1998057508674351164,Politics & Elections,video
1998058947581001948,Sports,video
1998074269545157004,Politics & Elections,video
1998099287889351050,Sports,image
1998117617505374493,Health & Medicine,text
1998120395652694502,Celebrity / Entertainment / Viral,video
1998143900461285854,Politics & Elections,video
1998146188839919943,Celebrity / Entertainment / Viral,video
1998158915758870768,Geopolitics & International Conflicts,video
1998178697942331859,Health & Medicine,text
1998225781370315205,Politics & Elections,image
1998302276629475585,Science & Technology,video
1998337258483490865,Other / Miscellaneous,video
1998347694922768506,Health & Medicine,video
1998366776313422224,Politics & Elections,video
1998383700866687475,Geopolitics & International Conflicts,video
1998399537107333244,Conspiracy & Pseudoscience,video
1998400704537403638,Sports,video
1998419540422930655,Science & Technology,video
1998440572214804785,Politics & Elections,video
1998443347095203887,Politics & Elections,image
1998449008147124482,Sports,image
1998450068295393552,Social/Cultural Issues,video
1998456029193879744,Social/Cultural Issues,video
1998462597922783544,Health & Medicine,video
1998474545968349678,Sports,image
1998475504383565991,Science & Technology,image
1998504578262945999,Sports,text
1998523668348154266,Science & Technology,video
1998537864032797145,Politics & Elections,text
1998553979828195495,AI generated content,video
1998562017377136974,Science & Technology,video
1998572479934271720,Social/Cultural Issues,video
1998587540794732627,Celebrity / Entertainment / Viral,video
1998628475222331762,Celebrity / Entertainment / Viral,video
1998679205517603083,Economy & Finance,text
1998718105808249233,Social/Cultural Issues,image
1998724512574222792,Geopolitics & International Conflicts,video
1998771592348971522,Social/Cultural Issues,video
1998778738176077833,Social/Cultural Issues,video
1998779406932697208,Science & Technology,text
1998787332401766429,Sports,video
1998794259659456965,Politics & Elections,text
1998800437039018113,Social/Cultural Issues,image
1998809357497332176,Politics & Elections,text
1998838301696962787,Politics & Elections,text
1998856748506185932,Social/Cultural Issues,video
1998876786684473567,Sports,video
1998879143187128564,Social/Cultural Issues,text
1998906369337172202,Celebrity / Entertainment / Viral,video
1998908069586284995,Conspiracy & Pseudoscience,text
1998912018850656622,Geopolitics & International Conflicts,video
1998946200503128493,Geopolitics & International Conflicts,video
1998951200285450246,Sports,image
1998956007423455688,Health & Medicine,video
1998958751878099008,Sports,image
1998984900272398418,Science & Technology,video
1999040961763266807,AI generated content,video
1999064913155633547,Conspiracy & Pseudoscience,video
1999072675419795915,Social/Cultural Issues,video
1999108156061089848,Sports,text
1999158281030267391,AI generated content,video
1999158318032666708,Science & Technology,image
1999161532937015367,Geopolitics & International Conflicts,image
1999172991360598078,Celebrity / Entertainment / Viral,video
1999208409111949607,Science & Technology,video
1999224229938839940,Social/Cultural Issues,text
1999251484391981511,Conspiracy & Pseudoscience,text
1999266149457100940,Politics & Elections,image
1999279510689317242,Politics & Elections,text
1999280674470015189,Celebrity / Entertainment / Viral,image
1999284819881238642,Politics & Elections,text
1999285804288635054,Politics & Elections,text
1999307806319739195,Politics & Elections,text
1999323445855686900,Geopolitics & International Conflicts,video
1999342443125174603,Economy & Finance,video
1999388527591661954,Celebrity / Entertainment / Viral,video
1999397468811805141,Other / Miscellaneous,video
1999409878981320907,Conspiracy & Pseudoscience,video
1999420467396940025,Health & Medicine,video
1999436146481463317,Health & Medicine,video
1999465312966836305,Other / Miscellaneous,image
1999469875144823222,Sports,video
1999499688882639244,Other / Miscellaneous,video
1999501545121906985,Social/Cultural Issues,video
1999516609971650766,AI generated content,video
1999534399843336429,Conspiracy & Pseudoscience,video
1999547059049840787,AI generated content,video
1999558733488357817,Other / Miscellaneous,video
1999576316467622251,Social/Cultural Issues,image
1999609742998798776,Geopolitics & International Conflicts,text
1999615958240100570,Celebrity / Entertainment / Viral,image
1999639750907691081,Conspiracy & Pseudoscience,image
1999651966046343296,Politics & Elections,text
1999659571317469497,Politics & Elections,video
1999771015233392877,AI generated content,video
1999783928886911474,AI generated content,video
1999797003786531260,Health & Medicine,image
1999800341181956344,Celebrity / Entertainment / Viral,image
1999881572103905351,Geopolitics & International Conflicts,video
1999884689675596282,Social/Cultural Issues,video
1999896141757108342,AI generated content,video
1999898065109745852,Health & Medicine,video
1999921240744902673,Conspiracy & Pseudoscience,video
1999964115729867235,Social/Cultural Issues,video
1999999737379143950,Health & Medicine,image
2000016226291188179,Social/Cultural Issues,video
2000027557899735125,Politics & Elections,image
2000055182051401823,Social/Cultural Issues,image
2000058321487777835,Celebrity / Entertainment / Viral,text
2000072998603399649,Politics & Elections,video
2000105280387035220,Sports,text
2000133870012842067,Geopolitics & International Conflicts,video
2000136179292029102,Geopolitics & International Conflicts,video
2000145996505051624,Social/Cultural Issues,video
2000152080334397489,Health & Medicine,video
2000155774576910401,Geopolitics & International Conflicts,image
2000156725714866626,Politics & Elections,image
2000168676201558487,Social/Cultural Issues,image
2000174542283850124,Social/Cultural Issues,image
2000175099077599562,Geopolitics & International Conflicts,video
2000180602713047480,Geopolitics & International Conflicts,video
2000188768859603060,Geopolitics & International Conflicts,video
2000200165353783736,Geopolitics & International Conflicts,image
2000211988601860512,Geopolitics & International Conflicts,video
2000228545914667184,Geopolitics & International Conflicts,text
2000336052981289452,Geopolitics & International Conflicts,video
2000449395159105662,Celebrity / Entertainment / Viral,image
2000453167956602973,Politics & Elections,image
2000474376475742675,Geopolitics & International Conflicts,image
2000487081672602092,Geopolitics & International Conflicts,video
2000509614480343428,Geopolitics & International Conflicts,text
2000519349946265859,Social/Cultural Issues,video
2000520147694669932,Social/Cultural Issues,text
2000520335834353760,Geopolitics & International Conflicts,video
2000521382262951939,Social/Cultural Issues,text
2000521804712919426,Social/Cultural Issues,video
2000524076616503771,Social/Cultural Issues,video
2000524950512214055,Geopolitics & International Conflicts,video
2000539932218061305,Social/Cultural Issues,video
2000562609049977196,Geopolitics & International Conflicts,image
2000572920976785444,Health & Medicine,video
2000578552354218242,Conspiracy & Pseudoscience,video
2000579345438380194,Health & Medicine,video
2000583071058247918,Social/Cultural Issues,video
2000583478971351203,AI generated content,video
2000597915140813002,Health & Medicine,video
2000612727086067983,Social/Cultural Issues,text
2000628552035635248,Geopolitics & International Conflicts,video
2000644529360109749,Geopolitics & International Conflicts,video
2000650407878787341,Geopolitics & International Conflicts,video
2000668211197464996,AI generated content,video
2000674944649216466,Politics & Elections,video
2000691281358410122,Geopolitics & International Conflicts,image
2000732481939468632,Social/Cultural Issues,text
2000761329939046459,Science & Technology,image
2000762248080580958,Celebrity / Entertainment / Viral,video
2000820685615321438,Geopolitics & International Conflicts,video
2000837335550976303,Politics & Elections,image
2000896298237534477,Conspiracy & Pseudoscience,image
2000906255289008314,Politics & Elections,video
2000912528730145171,Sports,image
2000924951566803299,Celebrity / Entertainment / Viral,video
2000927253052711237,Social/Cultural Issues,image
2000949322246951011,Celebrity / Entertainment / Viral,video
2000987471945912610,AI generated content,video
2000991287680565557,Social/Cultural Issues,image
2000995376581505451,Social/Cultural Issues,text
2001007430877241399,Politics & Elections,video
2001025645267005547,Social/Cultural Issues,image
2001026551585165747,Geopolitics & International Conflicts,image
2001048492559503670,Politics & Elections,image
2001062164237574246,Politics & Elections,image
2001069017834926247,Geopolitics & International Conflicts,image
2001074004845875268,Economy & Finance,text
2001082745288638621,AI generated content,video
2001124652119417024,AI generated content,video
2001145858218451135,Social/Cultural Issues,image
2001152947733066231,Health & Medicine,video
2001183219199377764,Politics & Elections,image
2001184152591249801,Celebrity / Entertainment / Viral,video
2001198935201759735,Politics & Elections,video
2001256018827993460,Geopolitics & International Conflicts,video
2001285243610042492,Geopolitics & International Conflicts,image
2001288006800494627,Celebrity / Entertainment / Viral,video
2001308905352351974,Geopolitics & International Conflicts,video
2001314233061970088,Celebrity / Entertainment / Viral,video
2001329037998948357,Politics & Elections,video
2001337939234824368,Science & Technology,video
2001338375643554213,AI generated content,video
2001353420809089086,Social/Cultural Issues,video
2001376912359477708,Science & Technology,text
2001394259748888728,Social/Cultural Issues,image
2001408323309178966,Science & Technology,image
2001411128383914187,Geopolitics & International Conflicts,video
2001433377325359126,Conspiracy & Pseudoscience,image
2001436900905693648,Social/Cultural Issues,video
2001451535859941564,Social/Cultural Issues,video
2001501901385265631,Social/Cultural Issues,text
2001522835357925793,Conspiracy & Pseudoscience,image
2001535860466991237,Conspiracy & Pseudoscience,video
2001572518680010891,Social/Cultural Issues,video
2001582965512626415,Geopolitics & International Conflicts,video
2001603470928068705,Politics & Elections,image
2001605299384521129,Celebrity / Entertainment / Viral,image
2001610023588470926,Politics & Elections,image
2001623747246395401,Geopolitics & International Conflicts,image
2001626016838803692,Health & Medicine,image
2001647553700598239,Conspiracy & Pseudoscience,video
2001648319274324085,Geopolitics & International Conflicts,image
2001649204142444781,Celebrity / Entertainment / Viral,image
2001649522238501365,AI generated content,video
2001672014487314829,Politics & Elections,text
2001676812586299780,Social/Cultural Issues,text
2001690590355099723,Celebrity / Entertainment / Viral,image
2001699232840114394,Economy & Finance,text
2001709714997154045,Geopolitics & International Conflicts,video
2001717497461117074,Sports,image
2001722044266717566,Celebrity / Entertainment / Viral,image
2001730351144595921,Economy & Finance,text
2001769227271725409,Geopolitics & International Conflicts,video
2001790446918418842,Politics & Elections,video
2001818917095063847,Politics & Elections,video
2001838978996302163,Geopolitics & International Conflicts,video
2001857541517775082,Conspiracy & Pseudoscience,video
2001867913737966074,Social/Cultural Issues,video
2001883349472940218,Sports,video
2001903915017851041,Celebrity / Entertainment / Viral,video
2001964634291785735,Politics & Elections,text
2002026189326893408,Politics & Elections,video
2002036816501776631,Science & Technology,image
2002047328660910360,Geopolitics & International Conflicts,video
2002068966198686173,Sports,text
2002125427939422413,Economy & Finance,image
2002129260472119559,Celebrity / Entertainment / Viral,image
2002134344337424623,Politics & Elections,video
2002137242983375043,Celebrity / Entertainment / Viral,image
2002138538620715199,Science & Technology,image
2002152361452834866,Celebrity / Entertainment / Viral,image
2002181219652673899,Economy & Finance,text
2002223981542453628,Health & Medicine,video
2002258231687578001,Celebrity / Entertainment / Viral,video
2002282878860669413,AI generated content,video
2002308962440433717,Geopolitics & International Conflicts,image
2002310525963907540,Geopolitics & International Conflicts,image
2002324368224129343,Politics & Elections,video
2002329490262012414,AI generated content,video
2002363414773944720,Politics & Elections,video
2002400533353804289,Politics & Elections,video
2002415154395517317,Celebrity / Entertainment / Viral,image
2002429781049241712,Geopolitics & International Conflicts,image
2002438853723107608,Geopolitics & International Conflicts,image
2002439077254344763,Other / Miscellaneous,video
2002463367395688594,Other / Miscellaneous,image
2002468283501719853,Geopolitics & International Conflicts,video
2002496078684529023,AI generated content,video
2002497624344244359,Sports,image
2002511449126810017,Celebrity / Entertainment / Viral,video
2002541734337925472,Politics & Elections,image
2002549045567553553,Celebrity / Entertainment / Viral,image
2002580987172315583,Social/Cultural Issues,video
2002599800362184730,Social/Cultural Issues,video
2002633400126222487,Social/Cultural Issues,video
2002638374856011820,Geopolitics & International Conflicts,video
2002644317287166369,Other / Miscellaneous,video
2002681756533801331,Geopolitics & International Conflicts,video
2002690782051147966,Celebrity / Entertainment / Viral,image
2002697982811181131,AI generated content,video
2002698381333000663,Geopolitics & International Conflicts,image
2002699333553041415,Celebrity / Entertainment / Viral,image
2002718852816498734,Politics & Elections,text
2002751895736402181,Politics & Elections,image
2002762426492596311,Geopolitics & International Conflicts,video
2002783056458141859,Politics & Elections,video
2002784945010319710,Celebrity / Entertainment / Viral,text
2002807465088524766,Politics & Elections,image
2002813579251368379,Social/Cultural Issues,video
2002854715462430986,Politics & Elections,text
2002863653058715930,Social/Cultural Issues,text
2002871267326865507,Celebrity / Entertainment / Viral,video
2002875344697933924,Economy & Finance,image
2002907981139353713,Politics & Elections,text
2002911504543396034,AI generated content,video
2002959783364534418,Science & Technology,image
2002960524166979864,Geopolitics & International Conflicts,image
2002980769535508828,Other / Miscellaneous,video
2002982014413336823,Geopolitics & International Conflicts,video
2003019459892789293,Other / Miscellaneous,image
2003045498161356899,Politics & Elections,image
2003067944629366869,Sports,image
2003072387290747314,AI generated content,video
2003112135002370223,Politics & Elections,video
2003151248049222087,Celebrity / Entertainment / Viral,image
2003154665043820559,AI generated content,video
2003178058187178095,Social/Cultural Issues,video
2003193307346915543,Politics & Elections,image
2003195084196708657,Social/Cultural Issues,video
2003196090456375491,Social/Cultural Issues,video
2003215953363145152,Conspiracy & Pseudoscience,text
2003219875523965245,Geopolitics & International Conflicts,text
2003228434584195416,Social/Cultural Issues,video
2003236303689937369,Geopolitics & International Conflicts,image
2003254628142780631,Sports,text
2003262760017350845,Social/Cultural Issues,video
2003281825171423628,Geopolitics & International Conflicts,text
2003314624817688942,Geopolitics & International Conflicts,image
2003329283889201325,Conspiracy & Pseudoscience,image
2003343367162462672,Sports,image
2003351334536512001,Social/Cultural Issues,text
2003405687582523772,Geopolitics & International Conflicts,video
2003475274608873791,Conspiracy & Pseudoscience,video
2003479692683227418,Politics & Elections,image
2003500259679650185,Social/Cultural Issues,video
2003510916130963487,Social/Cultural Issues,video
2003511118803660959,Economy & Finance,image
2003519739717722383,Social/Cultural Issues,video
2003535091625275687,Geopolitics & International Conflicts,image
2003541516963447151,Social/Cultural Issues,video
2003563088608657886,Sports,image
2003573280280838653,Sports,image
2003648722388025684,Social/Cultural Issues,video
2003649129210347829,AI generated content,video
2003671146076742056,Geopolitics & International Conflicts,video
2003692845400752348,Social/Cultural Issues,video
2003705080340426824,Politics & Elections,image
2003728387676995950,Social/Cultural Issues,video
2003733551704060273,Geopolitics & International Conflicts,image
2003755566787903980,Celebrity / Entertainment / Viral,image
2003772605468406140,Politics & Elections,image
2003774762229924187,AI generated content,video
2003800308800209297,Celebrity / Entertainment / Viral,video
2003804750614274201,Social/Cultural Issues,text
2003824356984828188,Conspiracy & Pseudoscience,video
2003828942395052114,Geopolitics & International Conflicts,video
2003837927663849970,Politics & Elections,image
2003843990114963946,Geopolitics & International Conflicts,video
2003852010031120800,Celebrity / Entertainment / Viral,video
2003884513836126341,Politics & Elections,text
2003902655593316547,Conspiracy & Pseudoscience,video
2003918729965662337,Politics & Elections,video
2003933669782880659,Economy & Finance,image
2003965117567033807,Other / Miscellaneous,video
2004015729436406067,Celebrity / Entertainment / Viral,video
2004040637201764707,Other / Miscellaneous,text
2004041259296735274,Sports,text
2004052778927161579,Social/Cultural Issues,video
2004060777209278561,Social/Cultural Issues,image
2004154803447079109,Geopolitics & International Conflicts,text
2004159512253812864,Geopolitics & International Conflicts,video
2004175545068933371,Celebrity / Entertainment / Viral,image
2004213084077142065,Geopolitics & International Conflicts,video
2004215195225542833,AI generated content,image
2004225070408126580,Social/Cultural Issues,video
2004230084413276417,Social/Cultural Issues,video
2004254169570726258,Social/Cultural Issues,video
2004275766130016684,Celebrity / Entertainment / Viral,video
2004284512654823450,Science & Technology,text
2004285326135857523,Celebrity / Entertainment / Viral,video
2004311121445245318,Geopolitics & International Conflicts,image
2004321368456810808,Geopolitics & International Conflicts,image
2004357388854288633,Politics & Elections,video
2004373242287653055,Social/Cultural Issues,video
2004383823908557151,Celebrity / Entertainment / Viral,video
2004391059993120953,Sports,video
2004415656108994958,Social/Cultural Issues,image
2004418942027420092,Geopolitics & International Conflicts,image
2004454633339855029,Conspiracy & Pseudoscience,video
2004457064530153517,Celebrity / Entertainment / Viral,video
2004506787072917993,Geopolitics & International Conflicts,video
2004536830667133049,Geopolitics & International Conflicts,image
2004553446553534497,Social/Cultural Issues,video
2004565103866478862,Celebrity / Entertainment / Viral,video
2004577838738055433,Sports,image
2004581963785789832,Science & Technology,video
2004593979904713045,Celebrity / Entertainment / Viral,video
2004613636996632993,Celebrity / Entertainment / Viral,video
2004613802944557430,Economy & Finance,video
2004624755522236462,Science & Technology,image
2004631343272263964,Social/Cultural Issues,image
2004635860000788840,AI generated content,video
2004636775294402949,Geopolitics & International Conflicts,video
2004638069241139364,Conspiracy & Pseudoscience,image
2004667619845214511,Celebrity / Entertainment / Viral,video
2004740107216269431,Politics & Elections,video
2004767164751086075,Conspiracy & Pseudoscience,text
2004770583989682389,Social/Cultural Issues,video
2004780688311287818,Social/Cultural Issues,image
2004781789144121637,AI generated content,image
2004832236672344315,Social/Cultural Issues,video
2004857651600196088,Celebrity / Entertainment / Viral,video
2004872634119716891,AI generated content,video
2004879935983513809,Celebrity / Entertainment / Viral,video
2004883342920134717,Social/Cultural Issues,video
2004896333275300232,Celebrity / Entertainment / Viral,image
2004917530591449498,Geopolitics & International Conflicts,image
2004934043192656120,Social/Cultural Issues,video
2004934887007305762,Sports,image
2004937973167485132,Politics & Elections,video
2004944062168924660,Social/Cultural Issues,video
2004948546458714399,Geopolitics & International Conflicts,text
2004964952877277301,Politics & Elections,image
2004966538257072318,Sports,image
2004979838604734637,Conspiracy & Pseudoscience,video
2005001608115925135,Celebrity / Entertainment / Viral,video
2005052621552582992,Politics & Elections,text
2005054889232142844,Celebrity / Entertainment / Viral,text
2005066481277526147,Health & Medicine,image
2005089066413687268,Celebrity / Entertainment / Viral,image
2005101184177078563,Politics & Elections,video
2005138930497454374,Geopolitics & International Conflicts,text
2005155175129121166,Science & Technology,video
2005169083273343403,Celebrity / Entertainment / Viral,video
2005224802555191323,Politics & Elections,image
2005279743655211433,Sports,video
2005280633866846231,AI generated content,video
2005284767403769996,Other / Miscellaneous,video
2005299131187634596,Science & Technology,video
2005306927967023286,Sports,video
2005308521618010530,Social/Cultural Issues,video
2005320367284613196,Politics & Elections,text
2005325273118695708,Politics & Elections,video
2005332421588451419,Health & Medicine,video
2005335551717880137,Celebrity / Entertainment / Viral,video
2005341956814319848,Politics & Elections,image
2005351603499389403,Geopolitics & International Conflicts,video
2005360183837638690,Celebrity / Entertainment / Viral,video
2005372994546532480,Geopolitics & International Conflicts,video
2005374152186990851,AI generated content,video
2005426723244917111,Economy & Finance,text
2005487585649729871,Geopolitics & International Conflicts,image
2005528666948997336,Geopolitics & International Conflicts,video
2005529304202100777,Celebrity / Entertainment / Viral,video
2005529912015565245,Politics & Elections,image
2005570737109925964,Celebrity / Entertainment / Viral,video
2005572031719317961,Sports,image
2005609188597342259,Other / Miscellaneous,image
2005611613148094559,AI generated content,video
2005631134873551352,Social/Cultural Issues,image
2005641834643480993,Social/Cultural Issues,video
2005651672786460806,Celebrity / Entertainment / Viral,image
2005674355406324120,Politics & Elections,text
2005689170271035577,Sports,text
2005707892389998887,Sports,image
2005717731140870205,Social/Cultural Issues,video
2005745191953805813,Politics & Elections,image
2005783389069271524,Science & Technology,video
2005797768393040117,Social/Cultural Issues,text
2005812373404147911,Politics & Elections,video
2005825648934162722,Social/Cultural Issues,text
2005837463151923404,Celebrity / Entertainment / Viral,video
2005837528364900423,Celebrity / Entertainment / Viral,video
2005852545843859798,Social/Cultural Issues,image
2005897707383107783,AI generated content,video
2005899780795535587,Geopolitics & International Conflicts,text
2005911743261012284,Celebrity / Entertainment / Viral,video
2005945702715973691,Geopolitics & International Conflicts,video
2005957037067493516,Social/Cultural Issues,video
2005998579744399738,Geopolitics & International Conflicts,image
2006032941638369424,Health & Medicine,video
2006042199834710532,Conspiracy & Pseudoscience,video
2006044334873858556,AI generated content,video
2006063664017670644,Celebrity / Entertainment / Viral,text
2006091489244238015,Geopolitics & International Conflicts,video
2006103032334016557,Politics & Elections,image
2006110545208824111,Science & Technology,image
2006119735012802587,Celebrity / Entertainment / Viral,video
2006141826701430837,Politics & Elections,video
2006156485395353613,Celebrity / Entertainment / Viral,image
2006184354800668857,Social/Cultural Issues,video
2006189356990562341,Social/Cultural Issues,video
2006233324684206511,Social/Cultural Issues,video
2006250097265537459,Geopolitics & International Conflicts,video
2006296463307923525,Social/Cultural Issues,video
2006387562714427741,Conspiracy & Pseudoscience,image
2006396822152163791,Celebrity / Entertainment / Viral,video
2006402900004937850,Health & Medicine,video
2006428776029368821,Celebrity / Entertainment / Viral,image
2006430865501597881,Sports,image
2006431171547103588,Geopolitics & International Conflicts,video
2006446080783954112,Social/Cultural Issues,video
2006458802594541905,Social/Cultural Issues,text
2006462122805571717,Social/Cultural Issues,video
2006465349198426409,Celebrity / Entertainment / Viral,video
2006465361999442028,Conspiracy & Pseudoscience,video
2006467379237368016,AI generated content,video
2006467566450209095,Politics & Elections,image
2006509614272229493,Celebrity / Entertainment / Viral,image
2006520118814134679,Politics & Elections,text
2006538366334984444,Geopolitics & International Conflicts,video
2006550379044155856,Politics & Elections,text
2006551468971847825,Celebrity / Entertainment / Viral,image
2006594749948637541,Other / Miscellaneous,video
2006609531221258741,Health & Medicine,video
2006620151677165608,Geopolitics & International Conflicts,video
2006623170690732376,AI generated content,image
2006728821329076504,Politics & Elections,image
2006759905550807510,Celebrity / Entertainment / Viral,video
2006763915510952296,Science & Technology,video
2006766203134685195,Conspiracy & Pseudoscience,image
2006787404901048654,Science & Technology,video
2006798545144463485,Geopolitics & International Conflicts,image
2006798931641119048,Politics & Elections,image
2006836328194064772,Social/Cultural Issues,text
2006851336327794903,Other / Miscellaneous,video
2006857969674366983,Social/Cultural Issues,image
2006860002099929220,Celebrity / Entertainment / Viral,image
2006861744539382084,Conspiracy & Pseudoscience,image
2006881083607101710,Sports,image
2006888494874956081,Science & Technology,image
2006902944264757570,Celebrity / Entertainment / Viral,video
2006903968853799062,AI generated content,image
2006914503292633391,Celebrity / Entertainment / Viral,text
2006939647516217351,Politics & Elections,image
2006951864118685993,Health & Medicine,video
2006994759978799418,AI generated content,video
2007127247241744510,Health & Medicine,text
2007128746084700168,Geopolitics & International Conflicts,image
2007181799454322874,Geopolitics & International Conflicts,video
2007195198271697395,Health & Medicine,video
2007227809945522431,Politics & Elections,image
2007228963379462637,Geopolitics & International Conflicts,video
2007344510595117469,Geopolitics & International Conflicts,video
2007351765826695240,Geopolitics & International Conflicts,video
2007354972338565181,Geopolitics & International Conflicts,video
2007357507992465722,Health & Medicine,video
2007398592152293598,Geopolitics & International Conflicts,image
2007401865747861548,Geopolitics & International Conflicts,image
2007402814344159612,Geopolitics & International Conflicts,video
2007439222471295424,Geopolitics & International Conflicts,video
2007447015349776775,Health & Medicine,text
2007457717040931265,Geopolitics & International Conflicts,video
2007468669623001582,Celebrity / Entertainment / Viral,video
2007470096810213398,Politics & Elections,image
2007478705690423778,Science & Technology,video
2007483048808591405,Geopolitics & International Conflicts,image
2007485571120451769,Geopolitics & International Conflicts,image
2007501362309857302,Politics & Elections,video
2007504660324888927,Geopolitics & International Conflicts,image
2007520004892238108,Geopolitics & International Conflicts,image
2007521241054515317,Geopolitics & International Conflicts,image
2007537143112183917,Politics & Elections,video
2007541912753058028,Politics & Elections,text
2007544849902490034,Geopolitics & International Conflicts,video
2007562712398594541,Politics & Elections,video
2007589754167025754,Celebrity / Entertainment / Viral,image
2007594052204839208,Geopolitics & International Conflicts,video
2007601544758526349,Geopolitics & International Conflicts,text
2007620914498941347,Social/Cultural Issues,video
2007627004901036542,Science & Technology,image
2007641764140855367,Geopolitics & International Conflicts,video
2007641871938662716,Politics & Elections,video
2007657780904083655,Geopolitics & International Conflicts,image
2007671486337691919,Other / Miscellaneous,image
2007719361327636731,Geopolitics & International Conflicts,video
2007779647426371973,Geopolitics & International Conflicts,image
2007806428594241832,Celebrity / Entertainment / Viral,video
2007857093857186123,Geopolitics & International Conflicts,image
2007875304220749916,Science & Technology,image
2007891287912124761,Celebrity / Entertainment / Viral,video
2007900166641119662,Health & Medicine,text
2007902394924073390,Sports,image
2007903551197151675,Politics & Elections,video
2007910992261652632,Social/Cultural Issues,video
2007912417943015764,Geopolitics & International Conflicts,video
2007914135712055549,Celebrity / Entertainment / Viral,text
2007916134633443626,Celebrity / Entertainment / Viral,image
2007916564767752701,Celebrity / Entertainment / Viral,image
2007917340340752830,Sports,image
2007925207613538592,Geopolitics & International Conflicts,image
2007935119110058478,Geopolitics & International Conflicts,video
2007954089645080622,Geopolitics & International Conflicts,video
2007956758753583348,Celebrity / Entertainment / Viral,video
2008025170355884414,Celebrity / Entertainment / Viral,image
2008034127371706806,Sports,video
2008036519098118527,Geopolitics & International Conflicts,video
2008046048317485288,Sports,image
2008116328935334244,Social/Cultural Issues,image
2008153338689556956,Geopolitics & International Conflicts,video
2008177085987311922,Geopolitics & International Conflicts,video
2008201858020692260,Politics & Elections,image
2008224599725797507,Celebrity / Entertainment / Viral,video
2008230010432479543,Geopolitics & International Conflicts,video
2008232217525580007,Politics & Elections,image
2008244658514837940,Politics & Elections,video
2008254706301497469,Politics & Elections,text
2008254997281268116,Geopolitics & International Conflicts,image
2008280105466872158,Celebrity / Entertainment / Viral,video
2008284434638815374,Geopolitics & International Conflicts,video
2008323126937997678,Politics & Elections,image
2008327402213069111,Politics & Elections,video
2008328414558617796,Geopolitics & International Conflicts,video
2008331463154950416,Geopolitics & International Conflicts,video
2008348635558297991,Social/Cultural Issues,video
2008356891513295170,Health & Medicine,image
2008377144565461426,Politics & Elections,image
2008390188452524241,Social/Cultural Issues,video
2008508951110053951,Geopolitics & International Conflicts,video
2008530398163403132,Politics & Elections,video
2008538543556358228,Social/Cultural Issues,video
2008575107426591221,Social/Cultural Issues,video
2008581445976289680,Economy & Finance,image
2008584445629272250,Politics & Elections,image
2008598912756838509,Politics & Elections,video
2008601788354585064,Celebrity / Entertainment / Viral,image
2008612154929541340,Conspiracy & Pseudoscience,video
2008622098390946217,Conspiracy & Pseudoscience,text
2008633315998249087,Politics & Elections,image
2008643890534842742,Politics & Elections,image
2008644091681067426,Politics & Elections,image
2008647152650821745,Science & Technology,image
2008654788653969804,Politics & Elections,video
2008676797320176082,Politics & Elections,image
2008678342908899716,Geopolitics & International Conflicts,image
2008678355797684567,Politics & Elections,video
2008686426976592315,Politics & Elections,video
2008689534968754427,Geopolitics & International Conflicts,video
2008696140456145058,Politics & Elections,video
2008701611984511280,Celebrity / Entertainment / Viral,video
2008703764472221822,Geopolitics & International Conflicts,video
2008705124500398420,Social/Cultural Issues,image
2008710651817116154,Geopolitics & International Conflicts,video
2008775935592636644,Politics & Elections,video
2008850506353987654,Social/Cultural Issues,video
2008865020277346687,Geopolitics & International Conflicts,image
2009123245094572408,Celebrity / Entertainment / Viral,image
2009128879877972149,Other / Miscellaneous,video
2009206637962383809,Economy & Finance,image
2009211035790791058,Health & Medicine,text
2009341953415233581,Social/Cultural Issues,video
2009342949101064598,Geopolitics & International Conflicts,video
2009345392182501756,Geopolitics & International Conflicts,text
2009349167391625239,Sports,video
2009365299259428906,Sports,image
2009371431306441175,Conspiracy & Pseudoscience,image
2009379264567685392,Health & Medicine,text
2009384948281594114,Geopolitics & International Conflicts,image
2009402257956348401,Celebrity / Entertainment / Viral,image
2009414819485458673,Social/Cultural Issues,video
2009449979195347051,Geopolitics & International Conflicts,text
2009502816545742921,Science & Technology,video
2009558906155291069,Celebrity / Entertainment / Viral,image
2009710905643413736,Conspiracy & Pseudoscience,video
2009735503340548263,Geopolitics & International Conflicts,video
2009845296721801316,Social/Cultural Issues,video
2009852399293444503,Celebrity / Entertainment / Viral,video
2009885346792714285,Geopolitics & International Conflicts,video
2009917318458126524,Sports,image
2009963677815078916,Geopolitics & International Conflicts,video
2010601592098304194,Social/Cultural Issues,text
2010637355787649066,Social/Cultural Issues,video
2010679425453437362,Geopolitics & International Conflicts,video
2010905241894731805,AI generated content,video
2011001084278358382,Celebrity / Entertainment / Viral,image
2011101508922757602,Geopolitics & International Conflicts,video
2011106952974352671,Politics & Elections,image
2011115650396062104,Social/Cultural Issues,image
2011154203268481368,Social/Cultural Issues,image
2011167533492023691,Health & Medicine,image
2011269753000841376,Geopolitics & International Conflicts,video
2011302067839910316,AI generated content,video
2011305270279094695,Social/Cultural Issues,image
2011360517474897961,Social/Cultural Issues,video
2011488113970069877,Geopolitics & International Conflicts,video
2011545167267053791,Health & Medicine,video
2011599733547286927,Geopolitics & International Conflicts,video
2011622882452128157,AI generated content,video
2011755984784376257,Health & Medicine,image
2011804909834789028,Health & Medicine,image
2011833253682880579,Science & Technology,video
2011918275169374544,Conspiracy & Pseudoscience,image
2013411849803304999,Geopolitics & International Conflicts,image
2016756605350543563,Politics & Elections,video
2016910927770067043,Geopolitics & International Conflicts,image
2017018700889522270,Conspiracy & Pseudoscience,image
2017030248504627495,Politics & Elections,image
2017139859664884013,Other / Miscellaneous,video
2017193574014787597,Geopolitics & International Conflicts,image
